Workbook
Name Slicer_Months__Week_Start_Date: #N/A
Name Slicer_Months__Week_Start_Date1: #N/A

Sheet Task 1 & 2 
A1: Content Type | B1: (All) | G1: Top 10 posts with highest engagement.
A2: Average engagement rate per platform | G2: Post ID | H2: Platform | I2: Date | J2: Content Type | K2: Post Text | L2: Likes | M2: Shares | N2: Comments | O2: Engagement Rate | P2: Engagement
A3: Row Labels | B3: Average of Engagement Rate | G3: P061 | H3: Twitter | I3: 45540 | J3: Video | K3: Check out our latest video on twitter! | L3: 4886 | M3: 983 | N3: 409 | O3: 0.14 | P3: 6278
A4: Facebook | B4: 0.1219729 | G4: P144 | H4: YouTube | I4: 45593 | J4: Story | K4: Check out our latest story on youtube! | L4: 4929 | M4: 749 | N4: 452 | O4: 0.07 | P4: 6130
A5: Instagram | B5: 0.19329258 | G5: P164 | H5: YouTube | I5: 45715 | J5: Text | K5: Check out our latest text on youtube! | L5: 4934 | M5: 971 | N5: 156 | O5: 0.15 | P5: 6061
A6: Twitter | B6: 0.14432836 | G6: P261 | H6: Instagram | I6: 45592 | J6: Image | K6: Check out our latest image on instagram! | L6: 4853 | M6: 837 | N6: 340 | O6: 0.08 | P6: 6030
A7: YouTube | B7: 0.13118494 | G7: P244 | H7: YouTube | I7: 45590 | J7: Video | K7: Check out our latest video on youtube! | L7: 4661 | M7: 935 | N7: 433 | O7: 0.26 | P7: 6029
G8: P215 | H8: Facebook | I8: 45783 | J8: Image | K8: Check out our latest image on facebook! | L8: 4872 | M8: 925 | N8: 176 | O8: 0.07 | P8: 5973
A9: Total Likes, Shares, and Comments by Content Type and Platform | G9: P106 | H9: Instagram | I9: 45692 | J9: Image | K9: Check out our latest image on instagram! | L9: 4619 | M9: 821 | N9: 499 | O9: 0.09 | P9: 5939
A10: Row Labels | B10: Likes count | C10: Shares count | D10: Comments count
A11: Facebook | B11: 242761 | C11: 39181 | D11: 23300
A12: Carousel | B12: 44476 | C12: 7400 | D12: 4589 | F12: Average Clicks per post by Hashtag.
A13: Image | B13: 71602 | C13: 12904 | D13: 6495 | F13: Row Labels | G13: Total clicks for hashtag
A14: Reel | B14: 36368 | C14: 5964 | D14: 3353 | F14: #AnytimeIsPepsiTime | G14: 2418
A15: Story | B15: 29405 | C15: 4950 | D15: 3223 | F15: #BetterWithPepsi | G15: 804
A16: Text | B16: 31963 | C16: 4792 | D16: 3377 | F16: #LiveForNow | G16: 14717
A17: Video | B17: 28947 | C17: 3171 | D17: 2263 | F17: #PepsiCoRefresh | G17: 16976
A18: Instagram | B18: 204284 | C18: 41444 | D18: 17851 | F18: #SmoothLikeNitroPepsi | G18: 559
A19: Carousel | B19: 43948 | C19: 6975 | D19: 3890 | F19: #ThirstyForMore | G19: 15456
A20: Image | B20: 34202 | C20: 5286 | D20: 2655
A21: Reel | B21: 32148 | C21: 8110 | D21: 3386
A22: Story | B22: 42649 | C22: 10049 | D22: 3846
A23: Text | B23: 25567 | C23: 5112 | D23: 1946
A24: Video | B24: 25770 | C24: 5912 | D24: 2128
A25: Twitter | B25: 196730 | C25: 32851 | D25: 20103
A26: Carousel | B26: 48649 | C26: 5791 | D26: 3607
A27: Image | B27: 40669 | C27: 7004 | D27: 4834
A28: Reel | B28: 27029 | C28: 4550 | D28: 1913
A29: Story | B29: 18891 | C29: 4319 | D29: 2540
A30: Text | B30: 31899 | C30: 4861 | D30: 3910
A31: Video | B31: 29593 | C31: 6326 | D31: 3299
... A39: Grand Total | B39: 815324 | C39: 142048 | D39: 74074
A42: For highlight top-performing hashtags using a formula-based ranking
A43: I have created another table just beside post table in Posts worksheet.
A44: Please check Posts worksheet

Sheet Task 3
A1: 1 - Identify which Platform generates the highest engagement
A2: Row Labels | B2: Average of Engagement_Rate | M2: Row Labels | N2: Sum of Likes | O2: Sum of Shares | P2: Sum of Comments | Q2: Engagement(likes+shares+comments)
A3: Facebook | B3: 5.6486 | M3: Facebook | N3: 242761 | O3: 39181 | P3: 23300 | Q3: 305242
A4: Instagram | B4: 5.7156 | M4: Instagram | N4: 204284 | O4: 41444 | P4: 17851 | Q4: 263579
A5: Twitter | B5: 5.6558 | M5: Twitter | N5: 196730 | O5: 32851 | P5: 20103 | Q5: 249684
A6: YouTube | B6: 5.5588 | M6: YouTube | N6: 171549 | O6: 28572 | P6: 12820 | Q6: 212941
A8: Instagram generates the highest overall engagement rate | M8: Facebook has minute less overall engagement than Instagram but few fields such as likes, shares and comments are little more on it
A11: 2 - Compare Growth rates of followers across different platforms.
A12: Row Labels | B12: Sum of New_Followers
A13: Facebook | B13: 50862
A14: Instagram | B14: 58311
A15: Twitter | B15: 53484
A16: YouTube | B16: 47471
A28: 3 - Visualize the engagement by ad spend across Platform
A29: Row Labels | B29: Sum of Ad_Spend | C29: Average of Engagement_Rate
A30: Facebook | B30: 1379539 | C30: 5.6486
A31: Instagram | B31: 1164373 | C31: 5.7156
A32: Twitter | B32: 1060357 | C32: 5.6558
A33: YouTube | B33: 1228647 | C33: 5.5588
A36: Amount spend on Instagram Ads are less and engagement rate is high.
A45: 4 - Advise whether to focus on 1–2 core platforms or continue multi-platform strategy. Justify the opinion by the analysis
A46: Based on a comprehensive analysis of this data, the best strategy is to continue with a multi-platform approach but adopt a tiered focus strategy.
A47: Insights from this data shows that over all engagement considering all fields is little more on Instagram which is engaging more audience but at the same time few elements such as likes, comments and shares are litlle more on facebook which also helps in marketing of products.
A48: By visualization on expenditure of ads and it effects on engagement we come to know that company has spend less on instagram ads but has still increased little more engagement rate as compared to other platforms where company has invested more on ads.
A49: If we see a big picture of this analysis we come to know that all platforms are contributing for company's marketing and helping to reach large numbers of audience, it is just that few are contributing more as compared to others like intagram and facebook.
A50: Instead of treating all platforms equally or dropping some entirely, company should categorize them and focus little more on top tier platform like Instagram and facebook where audience engagement is more.
A51: At the same time company can do another analysis to find root causes of why other platforms are not getting good engagement rates and improve them simultaneously to get improvements and better results as compared to the present.
A52: By adopting this approach, company can invest wisely, play to the strengths of each platform, and continue to grow effectively without abandoning the unique advantages that each one provides.

Sheet Task 4
A1: 1]A - Most frequently used hashtags
A3: Row Labels | B3: Count of ALL Hashtags
A4: #PepsiCoRefresh | B4: 107
A5: #ThirstyForMore | B5: 102
A6: #LiveForNow | B6: 101
A7: #AnytimeIsPepsiTime | B7: 15
A8: #BetterWithPepsi | B8: 7
A9: #SmoothLikeNitroPepsi | B9: 5
A11: Most frequently used hashtags are #PepsiCoRefresh and #ThirstyForMore
A13: 1]B - Average performance (likes, comments) of posts containing each hashtag.
A15: Row Labels | B15: Average Likes | C15: Average Comments | D15: Average Performance of Posts for each Hashtag
A16: #AnytimeIsPepsiTime | B16: 2219.6 | C16: 257.4 | D16: 2477
A17: #BetterWithPepsi | B17: 3451.7143 | C17: 151 | D17: 3602.7143
A18: #LiveForNow | B18: 2640.6832 | C18: 260.0099 | D18: 2900.6931
A19: #PepsiCoRefresh | B19: 2705.1028 | C19: 254.18692 | D19: 2959.2897
A20: #SmoothLikeNitroPepsi | B20: 3127.8 | C20: 283.4 | D20: 3411.2
A21: #ThirstyForMore | B21: 2838.8039 | C21: 230.95098 | D21: 3069.7549
A24: 2 - Compare performance of videos vs. images vs. carousels across platforms.
A26: Row Labels | B26: Avg. Performance
A27: Carousel | B27: 202978
A28: Facebook | B28: 56465
A29: Instagram | B29: 54813
A30: Twitter | B30: 58047
A31: YouTube | B31: 33653
A32: Image | B32: 215941
A33: Facebook | B33: 91001
A34: Instagram | B34: 42143
A35: Twitter | B35: 52507
A36: YouTube | B36: 30290
A37: Video | B37: 146869
A38: Facebook | B38: 34381
... A41: YouTube | B41: 39460
A44: 3 - Recommend which content types should be prioritized on which platform
A46: Row Labels | B46: Avg. Engagement(Likes, shares, comments)
A47: Facebook | B47: 305242
A48: Carousel | B48: 56465
A49: Image | B49: 91001
A50: Reel | B50: 45685
A51: Story | B51: 37578
A52: Text | B52: 40132
A53: Video | B53: 34381
A54: Instagram | B54: 263579
A55: Carousel | B55: 54813
A56: Image | B56: 42143
A57: Reel | B57: 43644
A58: Story | B58: 56544
... A74: Video | B74: 39460
D75: Refer this chart to better understand which content type has high engagement.
A77: According to avg. of engagement(likes, shares, comments) content type that should be prioritized on respective platforms are :
A78: Platform | B78: Priority content type
A79: Facebook | B79: Image
A80: Instagram | B80: Story
A81: Twitter | B81: Carousel
A82: Youtube | B82: Reel & Video

Sheet Task 5
A1: 1 - Total and average impressions, likes, and clicks per campaign
A3: Row Labels | B3: Total Impressions | C3: Total Likes | D3: Total Clicks | E3: Average Impressions | F3: Average Likes | G3: Average Clicks
A4: DailyWellness | B4: 2439664 | C4: 186334 | D4: 10672 | E4: 34852.343 | F4: 2661.9143 | G4: 152.45714
A5: FestiveRadiance | B5: 1986356 | C5: 159783 | D5: 9872 | E5: 34247.517 | F5: 2754.8793 | G5: 170.2069
A6: NewYearRefresh | B6: 2266053 | C6: 183346 | D6: 10032 | E6: 33821.687 | F6: 2736.5075 | G6: 149.73134
A7: SummerSplash | B7: 1846272 | C7: 138793 | D7: 6434 | E7: 38464 | F7: 2891.5208 | G7: 134.04167
A10: 2- Engagement uplift during vs. before the campaign period.
A12: Campaign_Name | B12: Campaign Period | C12: Average Engagement
A13: SummerSplash | B13: During | C13: 3765.4
A14: SummerSplash | B14: Before | C14: 2865
A15: NewYearRefresh | B15: Before | C15: 3480.6667
A16: NewYearRefresh | B16: During | C16: 3140.6667
A17: FestiveRadiance | B17: During | C17: 3841.8571
A18: FestiveRadiance | B18: Before | C18: 3512.25
A19: DailyWellness | B19: Before | C19: 3931.1111
A20: DailyWellness | B20: During | C20: 3009.5
A23: 3 - Which campaign had the highest ROI in terms of engagement vs. budget.
A25: Row Labels | B25: Total Engagement | C25: Total Budget | D25: (ROI)Engagements per $1000
A26: DailyWellness | B26: 237651 | C26: =VLOOKUP(A26, 'Campaign Metadata'!A:E, 5, FALSE) -> 180000 | D26: =(B26/C26)*1000 -> 1320.2833
A27: FestiveRadiance | B27: 201739 | C27: =VLOOKUP(A27, 'Campaign Metadata'!A:E, 5, FALSE) -> 200000 | D27: =(B27/C27)*1000 -> 1008.695
A28: NewYearRefresh | B28: 232821 | C28: =VLOOKUP(A28, 'Campaign Metadata'!A:E, 5, FALSE) -> 250000 | D28: =(B28/C28)*1000 -> 931.284
A29: SummerSplash | B29: 173901 | C29: =VLOOKUP(A29, 'Campaign Metadata'!A:E, 5, FALSE) -> 150000 | D29: =(B29/C29)*1000 -> 1159.34
A32: 4 - Which campaign had the strongest follower growth impact.
A35: Campaign_Name | B35: Start_Date | C35: End_Date | D35: Total New Followers
A36: SummerSplash | B36: 2024-06-15 | C36: 2024-07-15 | D36: =SUMIFS('Engagement Summary'!C:C, 'Engagement Summary'!A:A, ">="&B36, 'Engagement Summary'!A:A, "<="&C36) -> 18105
A37: FestiveRadiance | B37: 2024-10-01 | C37: 2024-10-31 | D37: =SUMIFS('Engagement Summary'!C:C, 'Engagement Summary'!A:A, ">="&B37, 'Engagement Summary'!A:A, "<="&C37) -> 14518
A38: NewYearRefresh | B38: 2024-12-25 | C38: 2025-01-10 | D38: =SUMIFS('Engagement Summary'!C:C, 'Engagement Summary'!A:A, ">="&B38, 'Engagement Summary'!A:A, "<="&C38) -> 11428
A39: DailyWellness | B39: 2025-03-01 | C39: 2025-03-31 | D39: =SUMIFS('Engagement Summary'!C:C, 'Engagement Summary'!A:A, ">="&B39, 'Engagement Summary'!A:A, "<="&C39) -> 20682
A41: DailyWellness campaign had the strongest follower growth impact.

Sheet Task 6
A1: 1 - Visualize weekly follower growth trends by platform using line charts.
A3: Sum of New_Followers | B3: Column Labels
A4: Row Labels | B4: Facebook | C4: Instagram | D4: Twitter | E4: YouTube
A5: 45474 | B5: 505 | C5: 226 | D5: 1420 | E5: 144
A6: 45481 | B6: 350 | C6: 1757 | D6: 987 | E6: 883
A7: 45488 | B7: 170 | C7: 1960 | D7: 704 | E7: 224
A8: 45495 | B8: 1391 | C8: 508 | D8: 1701 | E8: 804
A9: 45502 | B9: 160 | C9: 653 | D9: 1756 | E9: 576
A11: Visualizing weekly follower growth by platform for all the data in weeks column was not a good idea.
A12: Therefore I have created a month slicer to make visualization of trends more understandable and clean.
A13: Monthly slicer visuaizes weekly follower growth trend by platform for particular month.
A18: 2 - Identify the week with the highest net follower gain.
A21: Row Labels | B21: Net Follower Gain
A22: 45656 | B22: 6530 | D22: The week with the highest net follower gain is the week that starts on 30-12-2024
A23: 45698 | B23: 5281
A24: 45642 | B24: 5044
A25: 45712 | B25: 4806
A26: 45628 | B26: 4795
A27: 45635 | B27: 4792
A28: 45782 | B28: 4594
A29: 45600 | B29: 4584
A30: 45544 | B30: 4360
A31: 45747 | B31: 4298
A32: 45733 | B32: 4042
A33: 45768 | B33: 4040
A34: 45621 | B34: 4008
... A71: 45761 | B71: -137
A74: 3 - Create a moving average chart to smooth out follower growth trends.
A77: Sum of Total_Followers | B77: Column Labels
A78: Row Labels | B78: Facebook | C78: Instagram | D78: Twitter | E78: YouTube
A79: 45663 | B79: 95728 | C79: 466382 | D79: 371156 | E79: 95410
A80: 45670 | B80: 224699 | C80: 349413 | D80: 487896 | E80: 14437
A81: 45677 | B81: 479490 | C81: 383681 | D81: 124404 | E81: 336949
A82: 45684 | B82: 321307 | C82: 357265 | D82: 262569 | E82: 461669
A98: 6 - Determine the correlation between ad spend and follower growth using scatter plots and basic correlation calculation
A100: Correlation (Ad Spend vs. New Followers):
A101: =CORREL('Engagement Summary'!C:C, 'Engagement Summary'!G:G) -> 0.080963093

Sheet ExplainationLink
B1: Link to video explanation of the project
B2: https://drive.google.com/file/d/1e-KwhWrpeNGaI4--_YquDjqIlHGraPyg/view?usp=sharing

Sheet Posts
A1: Post ID | B1: Platform | C1: Date | D1: Content Type | E1: Post Text | F1: Likes | G1: Shares | H1: Comments | I1: Impressions | J1: Reach | K1: Clicks | L1: Hashtags Used | M1: Campaign_Name | N1: Hashtags 1 | O1: Hashtag 2 | P1: Hashtag 3 | Q1: Engagement Rate | R1: Engagement | T1: Clicks for all hashtags | U1: ALL Hashtags | V1: Rank of Clicks
A2: P001 | B2: Twitter | C2: 2024-12-23 | D2: Reel | E2: Check out our latest reel on twitter! | F2: 1461 | G2: 184 | H2: 344 | I2: 21915 | J2: 21675 | K2: 15 | L2: #LiveForNow,#AnytimeIsPepsiTime | M2: SummerSplash | N2: #LiveForNow | O2: #AnytimeIsPepsiTime | Q2: =(F2+G2+H2)/I2 -> 0.090759754 | R2: =F2+G2+H2 -> 1989 | T2: 15 | U2: #LiveForNow | V2: =RANK(T2, T:T) -> 323 | X2: Likes | Y2: Comments | Z2: All hashtags | AA2: Performance
A3: P002 | B3: Twitter | C3: 2025-04-03 | D3: Text | E3: Check out our latest text on twitter! | F3: 4054 | G3: 389 | H3: 493 | I3: 64864 | J3: 64383 | K3: 117 | L3: #PepsiCoRefresh,#BetterWithPepsi | M3: FestiveRadiance | N3: #PepsiCoRefresh | O3: #BetterWithPepsi | Q3: =(F3+G3+H3)/I3 -> 0.076097681 | R3: =F3+G3+H3 -> 4936 | T3: 15 | U3: #AnytimeIsPepsiTime | V3: =RANK(T3, T:T) -> 323 | X3: 1461 | Y3: 344 | Z3: #LiveForNow | AA3: =X3+Y3 -> 1805
A4: P003 | B4: YouTube | C4: 2025-05-12 | D4: Reel | E4: Check out our latest reel on youtube! | F4: 2795 | G4: 105 | H4: 49 | I4: 53105 | J4: 52307 | K4: 204 | L4: #PepsiCoRefresh | M4: NewYearRefresh | N4: #PepsiCoRefresh | Q4: =(F4+G4+H4)/I4 -> 0.055531494 | R4: =F4+G4+H4 -> 2949 | T4: 117 | U4: #PepsiCoRefresh | V4: =RANK(T4, T:T) -> 213 | X4: 1461 | Y4: 344 | Z4: #AnytimeIsPepsiTime | AA4: =X4+Y4 -> 1805
A5: P004 | B5: Instagram | C5: 2024-08-12 | D5: Story | E5: Check out our latest story on instagram! | F5: 2404 | G5: 363 | H5: 138 | I5: 19232 | J5: 18636 | K5: 128 | L5: #ThirstyForMore | M5: DailyWellness | N5: #ThirstyForMore | Q5: =(F5+G5+H5)/I5 -> 0.15105033 | R5: =F5+G5+H5 -> 2905 | T5: 117 | U5: #BetterWithPepsi | V5: =RANK(T5, T:T) -> 213 | X5: 4054 | Y5: 493 | Z5: #PepsiCoRefresh | AA5: =X5+Y5 -> 4547
A6: P005 | B6: YouTube | C6: 2024-06-26 | D6: Reel | E6: Check out our latest reel on youtube! | F6: 3557 | G6: 687 | H6: 424 | I6: 71140 | J6: 70701 | K6: 224 | L6: #ThirstyForMore,#PepsiCoRefresh | M6: SummerSplash | N6: #ThirstyForMore | O6: #PepsiCoRefresh | Q6: =(F6+G6+H6)/I6 -> 0.065617093 | R6: =F6+G6+H6 -> 4668 | T6: 204 | U6: #PepsiCoRefresh | V6: =RANK(T6, T:T) -> 115 | X6: 4054 | Y6: 493 | Z6: #BetterWithPepsi | AA6: =X6+Y6 -> 4547
A7: P006 | B7: Facebook | C7: 2024-10-31 | D7: Carousel | E7: Check out our latest carousel on facebook! | F7: 2945 | G7: 930 | H7: 355 | I7: 23560 | J7: 23275 | K7: 256 | L7: #PepsiCoRefresh | M7: FestiveRadiance | N7: #PepsiCoRefresh | Q7: =(F7+G7+H7)/I7 -> 0.1795416 | R7: =F7+G7+H7 -> 4230 | T7: 128 | U7: #ThirstyForMore | V7: =RANK(T7, T:T) -> 199 | X7: 2795 | Y7: 49 | Z7: #PepsiCoRefresh | AA7: =X7+Y7 -> 2844
A8: P007 | B8: Twitter | C8: 2024-06-24 | D8: Carousel | E8: Check out our latest carousel on twitter! | F8: 3860 | G8: 201 | H8: 279 | I8: 61760 | J8: 61660 | K8: 235 | L8: #PepsiCoRefresh | M8: FestiveRadiance | N8: #PepsiCoRefresh | Q8: =(F8+G8+H8)/I8 -> 0.070272021 | R8: =F8+G8+H8 -> 4340 | T8: 224 | U8: #ThirstyForMore | V8: =RANK(T8, T:T) -> 88 | X8: 2404 | Y8: 138 | Z8: #ThirstyForMore | AA8: =X8+Y8 -> 2542
A9: P008 | B9: YouTube | C9: 2024-07-13 | D9: Image | E9: Check out our latest image on youtube! | F9: 3929 | G9: 262 | H9: 278 | I9: 43219 | J9: 42841 | K9: 39 | L9: #ThirstyForMore | M9: DailyWellness | N9: #ThirstyForMore | Q9: =(F9+G9+H9)/I9 -> 0.1034036 | R9: =F9+G9+H9 -> 4469 | T9: 224 | U9: #PepsiCoRefresh | V9: =RANK(T9, T:T) -> 88 | X9: 3557 | Y9: 424 | Z9: #ThirstyForMore | AA9: =X9+Y9 -> 3981
A10: P009 | B10: Facebook | C10: 2024-08-30 | D10: Text | E10: Check out our latest text on facebook! | F10: 3784 | G10: 808 | H10: 404 | I10: 56760 | J10: 56343 | K10: 131 | L10: #PepsiCoRefresh | M10: FestiveRadiance | N10: #PepsiCoRefresh | Q10: =(F10+G10+H10)/I10 -> 0.088019732 | R10: =F10+G10+H10 -> 4996 | T10: 256 | U10: #PepsiCoRefresh | V10: =RANK(T10, T:T) -> 40 | X10: 3557 | Y10: 424 | Z10: #PepsiCoRefresh | AA10: =X10+Y10 -> 3981
A11: P010 | B11: Facebook | C11: 2025-03-11 | D11: Image | E11: Check out our latest image on facebook! | F11: 4241 | G11: 902 | H11: 47 | I11: 72097 | J11: 71598 | K11: 167 | L11: #PepsiCoRefresh | M11: FestiveRadiance | N11: #PepsiCoRefresh | Q11: =(F11+G11+H11)/I11 -> 0.071986352 | R11: =F11+G11+H11 -> 5190 | T11: 235 | U11: #PepsiCoRefresh | V11: =RANK(T11, T:T) -> 70 | X11: 2945 | Y11: 355 | Z11: #PepsiCoRefresh | AA11: =X11+Y11 -> 3300
A12: P011 | B12: Instagram | C12: 2025-02-02 | D12: Story | E12: Check out our latest story on instagram! | F12: 1792 | G12: 614 | H12: 497 | I12: 25088 | J12: 24675 | K12: 65 | L12: #LiveForNow | M12: DailyWellness | N12: #LiveForNow | Q12: =(F12+G12+H12)/I12 -> 0.11571269 | R12: =F12+G12+H12 -> 2903 | T12: 39 | U12: #ThirstyForMore | V12: =RANK(T12, T:T) -> 290 | X12: 3860 | Y12: 279 | Z12: #PepsiCoRefresh | AA12: =X12+Y12 -> 4139
A13: P012 | B13: Facebook | C13: 2024-07-21 | D13: Reel | E13: Check out our latest reel on facebook! | F13: 1946 | G13: 686 | H13: 377 | I13: 23352 | J13: 22982 | K13: 213 | L13: #LiveForNow | M13: NewYearRefresh | N13: #LiveForNow | Q13: =(F13+G13+H13)/I13 -> 0.12885406 | R13: =F13+G13+H13 -> 3009 | T13: 131 | U13: #PepsiCoRefresh | V13: =RANK(T13, T:T) -> 193 | X13: 3929 | Y13: 278 | Z13: #ThirstyForMore | AA13: =X13+Y13 -> 4207
A14: P013 | B14: YouTube | C14: 2024-11-18 | D14: Carousel | E14: Check out our latest carousel on youtube! | F14: 1171 | G14: 286 | H14: 231 | I14: 22249 | J14: 21282 | K14: 114 | L14: #ThirstyForMore | M14: SummerSplash | N14: #ThirstyForMore | Q14: =(F14+G14+H14)/I14 -> 0.075868578 | R14: =F14+G14+H14 -> 1688 | T14: 167 | U14: #PepsiCoRefresh | V14: =RANK(T14, T:T) -> 160 | X14: 3784 | Y14: 404 | Z14: #PepsiCoRefresh | AA14: =X14+Y14 -> 4188
A15: P014 | B15: Facebook | C15: 2025-02-16 | D15: Story | E15: Check out our latest story on facebook! | F15: 4242 | G15: 555 | H15: 131 | I15: 33936 | J15: 33802 | K15: 265 | L15: #LiveForNow | N15: #LiveForNow | Q15: =(F15+G15+H15)/I15 -> 0.14521452 | R15: =F15+G15+H15 -> 4928 | T15: 65 | U15: #LiveForNow | V15: =RANK(T15, T:T) -> 259 | X15: 4241 | Y15: 47 | Z15: #PepsiCoRefresh | AA15: =X15+Y15 -> 4288
A16: P015 | B16: Facebook | C16: 2024-10-24 | D16: Video | E16: Check out our latest video on facebook! | F16: 3888 | G16: 604 | H16: 128 | I16: 77760 | J16: 77167 | K16: 20 | L16: #LiveForNow | M16: SummerSplash | N16: #LiveForNow | Q16: =(F16+G16+H16)/I16 -> 0.05941358 | R16: =F16+G16+H16 -> 4620 | T16: 213 | U16: #LiveForNow | V16: =RANK(T16, T:T) -> 100 | X16: 1792 | Y16: 497 | Z16: #LiveForNow | AA16: =X16+Y16 -> 2289
A17: P016 | B17: Facebook | C17: 2024-08-26 | D17: Text | E17: Check out our latest text on facebook! | F17: 3452 | G17: 377 | H17: 360 | I17: 55232 | J17: 55075 | K17: 87 | L17: #LiveForNow | M17: NewYearRefresh | N17: #LiveForNow | Q17: =(F17+G17+H17)/I17 -> 0.075843714 | R17: =F17+G17+H17 -> 4189 | T17: 114 | U17: #ThirstyForMore | V17: =RANK(T17, T:T) -> 217 | X17: 1946 | Y17: 377 | Z17: #LiveForNow | AA17: =X17+Y17 -> 2323
A18: P017 | B18: Facebook | C18: 2025-05-05 | D18: Text | E18: Check out our latest text on facebook! | F18: 4441 | G18: 511 | H18: 70 | I18: 53292 | J18: 53082 | K18: 159 | L18: #ThirstyForMore | M18: DailyWellness | N18: #ThirstyForMore | Q18: =(F18+G18+H18)/I18 -> 0.094235533 | R18: =F18+G18+H18 -> 5022 | T18: 265 | U18: #LiveForNow | V18: =RANK(T18, T:T) -> 35 | X18: 1171 | Y18: 231 | Z18: #ThirstyForMore | AA18: =X18+Y18 -> 1402
A19: P018 | B19: Instagram | C19: 2024-08-19 | D19: Reel | E19: Check out our latest reel on instagram! | F19: 3000 | G19: 382 | H19: 325 | I19: 36000 | J19: 35819 | K19: 19 | L19: #LiveForNow | M19: SummerSplash | N19: #LiveForNow | Q19: =(F19+G19+H19)/I19 -> 0.10297222 | R19: =F19+G19+H19 -> 3707 | T19: 20 | U19: #LiveForNow | V19: =RANK(T19, T:T) -> 316 | X19: 4242 | Y19: 131 | Z19: #LiveForNow | AA19: =X19+Y19 -> 4373
A20: P019 | B20: Instagram | C20: 2024-06-23 | D20: Video | E20: Check out our latest video on instagram! | F20: 1071 | G20: 519 | H20: 22 | I20: 16065 | J20: 15865 | K20: 103 | L20: #PepsiCoRefresh | M20: DailyWellness | N20: #PepsiCoRefresh | Q20: =(F20+G20+H20)/I20 -> 0.10034236 | R20: =F20+G20+H20 -> 1612 | T20: 87 | U20: #LiveForNow | V20: =RANK(T20, T:T) -> 240 | X20: 3888 | Y20: 128 | Z20: #LiveForNow | AA20: =X20+Y20 -> 4016
A21: P020 | B21: Instagram | C21: 2024-09-09 | D21: Carousel | E21: Check out our latest carousel on instagram! | F21: 4054 | G21: 488 | H21: 373 | I21: 77026 | J21: 76881 | K21: 25 | L21: #PepsiCoRefresh | M21: SummerSplash | N21: #PepsiCoRefresh | Q21: =(F21+G21+H21)/I21 -> 0.063809623 | R21: =F21+G21+H21 -> 4915 | T21: 159 | U21: #ThirstyForMore | V21: =RANK(T21, T:T) -> 166 | X21: 3452 | Y21: 360 | Z21: #LiveForNow | AA21: =X21+Y21 -> 3812
A22: P021 | B22: Instagram | C22: 2025-01-04 | D22: Reel | E22: Check out our latest reel on instagram! | F22: 4838 | G22: 640 | H22: 128 | I22: 72570 | J22: 72396 | K22: 83 | L22: #LiveForNow | M22: DailyWellness | N22: #LiveForNow | Q22: =(F22+G22+H22)/I22 -> 0.077249552 | R22: =F22+G22+H22 -> 5606 | T22: 19 | U22: #LiveForNow | V22: =RANK(T22, T:T) -> 319 | X22: 4441 | Y22: 70 | Z22: #ThirstyForMore | AA22: =X22+Y22 -> 4511
A23: P022 | B23: Facebook | C23: 2025-02-27 | D23: Text | E23: Check out our latest text on facebook! | F23: 1570 | G23: 187 | H23: 260 | I23: 25120 | J23: 24613 | K23: 133 | L23: #PepsiCoRefresh | M23: DailyWellness | N23: #PepsiCoRefresh | Q23: =(F23+G23+H23)/I23 -> 0.080294586 | R23: =F23+G23+H23 -> 2017 | T23: 103 | U23: #PepsiCoRefresh | V23: =RANK(T23, T:T) -> 226 | X23: 3000 | Y23: 325 | Z23: #LiveForNow | AA23: =X23+Y23 -> 3325
A24: P023 | B24: Facebook | C24: 2024-11-06 | D24: Video | E24: Check out our latest video on facebook! | F24: 1606 | G24: 547 | H24: 316 | I24: 32120 | J24: 31736 | K24: 225 | L24: #PepsiCoRefresh,#AnytimeIsPepsiTime | M24: FestiveRadiance | N24: #PepsiCoRefresh | O24: #AnytimeIsPepsiTime | Q24: =(F24+G24+H24)/I24 -> 0.076867995 | R24: =F24+G24+H24 -> 2469 | T24: 25 | U24: #PepsiCoRefresh | V24: =RANK(T24, T:T) -> 304 | X24: 1071 | Y24: 22 | Z24: #PepsiCoRefresh | AA24: =X24+Y24 -> 1093
A25: P024 | B25: Facebook | C25: 2025-01-23 | D25: Video | E25: Check out our latest video on facebook! | F25: 3961 | G25: 761 | H25: 131 | I25: 67337 | J25: 66615 | K25: 161 | L25: #LiveForNow | M25: NewYearRefresh | N25: #LiveForNow | Q25: =(F25+G25+H25)/I25 -> 0.072070333 | R25: =F25+G25+H25 -> 4853 | T25: 83 | U25: #LiveForNow | V25: =RANK(T25, T:T) -> 248 | X25: 4054 | Y25: 373 | Z25: #PepsiCoRefresh | AA25: =X25+Y25 -> 4427
A26: P025 | B26: Twitter | C26: 2025-04-10 | D26: Carousel | E26: Check out our latest carousel on twitter! | F26: 3128 | G26: 211 | H26: 197 | I26: 59432 | J26: 59182 | K26: 238 | L26: #ThirstyForMore | N26: #ThirstyForMore | Q26: =(F26+G26+H26)/I26 -> 0.059496568 | R26: =F26+G26+H26 -> 3536 | T26: 133 | U26: #PepsiCoRefresh | V26: =RANK(T26, T:T) -> 191 | X26: 4838 | Y26: 128 | Z26: #LiveForNow | AA26: =X26+Y26 -> 4966
A27: P026 | B27: YouTube | C27: 2025-04-05 | D27: Reel | E27: Check out our latest reel on youtube! | F27: 3009 | G27: 413 | H27: 358 | I27: 42126 | J27: 41309 | K27: 211 | L27: #LiveForNow | M27: FestiveRadiance | N27: #LiveForNow | Q27: =(F27+G27+H27)/I27 -> 0.089730808 | R27: =F27+G27+H27 -> 3780 | T27: 225 | U27: #PepsiCoRefresh | V27: =RANK(T27, T:T) -> 85 | X27: 1570 | Y27: 260 | Z27: #PepsiCoRefresh | AA27: =X27+Y27 -> 1830
A28: P027 | B28: YouTube | C28: 2024-09-17 | D28: Text | E28: Check out our latest text on youtube! | F28: 2076 | G28: 195 | H28: 104 | I28: 33216 | J28: 32244 | K28: 51 | L28: #LiveForNow | M28: DailyWellness | N28: #LiveForNow | Q28: =(F28+G28+H28)/I28 -> 0.071501686 | R28: =F28+G28+H28 -> 2375 | T28: 225 | U28: #AnytimeIsPepsiTime | V28: =RANK(T28, T:T) -> 85 | X28: 1606 | Y28: 316 | Z28: #PepsiCoRefresh | AA28: =X28+Y28 -> 1922
A29: P028 | B29: Instagram | C29: 2025-03-04 | D29: Video | E29: Check out our latest video on instagram! | F29: 432 | G29: 624 | H29: 123 | I29: 6912 | J29: 6259 | K29: 79 | L29: #LiveForNow | M29: DailyWellness | N29: #LiveForNow | Q29: =(F29+G29+H29)/I29 -> 0.17057292 | R29: =F29+G29+H29 -> 1179 | T29: 161 | U29: #LiveForNow | V29: =RANK(T29, T:T) -> 164 | X29: 1606 | Y29: 316 | Z29: #AnytimeIsPepsiTime | AA29: =X29+Y29 -> 1922
A30: P029 | B30: Instagram | C30: 2025-01-31 | D30: Carousel | E30: Check out our latest carousel on instagram! | F30: 2566 | G30: 118 | H30: 37 | I30: 12830 | J30: 12264 | K30: 221 | L30: #LiveForNow | M30: NewYearRefresh | N30: #LiveForNow | Q30: =(F30+G30+H30)/I30 -> 0.21208106 | R30: =F30+G30+H30 -> 2721 | T30: 238 | U30: #ThirstyForMore | V30: =RANK(T30, T:T) -> 63 | X30: 3961 | Y30: 131 | Z30: #LiveForNow | AA30: =X30+Y30 -> 4092
A31: P030 | B31: Instagram | C31: 2025-02-25 | D31: Video | E31: Check out our latest video on instagram! | F31: 3095 | G31: 39 | H31: 78 | I31: 55710 | J31: 54808 | K31: 93 | L31: #ThirstyForMore | N31: #ThirstyForMore | Q31: =(F31+G31+H31)/I31 -> 0.057655717 | R31: =F31+G31+H31 -> 3212 | T31: 211 | U31: #LiveForNow | V31: =RANK(T31, T:T) -> 104 | X31: 3128 | Y31: 197 | Z31: #ThirstyForMore | AA31: =X31+Y31 -> 3325
A32: P031 | B32: Instagram | C32: 2024-12-16 | D32: Text | E32: Check out our latest text on instagram! | F32: 438 | G32: 153 | H32: 275 | I32: 3066 | J32: 2701 | K32: 282 | L32: #PepsiCoRefresh | M32: FestiveRadiance | N32: #PepsiCoRefresh | Q32: =(F32+G32+H32)/I32 -> 0.28245271 | R32: =F32+G32+H32 -> 866 | T32: 51 | U32: #LiveForNow | V32: =RANK(T32, T:T) -> 275 | X32: 3009 | Y32: 358 | Z32: #LiveForNow | AA32: =X32+Y32 -> 3367
A33: P032 | B33: Twitter | C33: 2024-07-31 | D33: Carousel | E33: Check out our latest carousel on twitter! | F33: 2278 | G33: 10 | H33: 321 | I33: 13668 | J33: 12676 | K33: 275 | L33: #ThirstyForMore | M33: SummerSplash | N33: #ThirstyForMore | Q33: =(F33+G33+H33)/I33 -> 0.19088382 | R33: =F33+G33+H33 -> 2609 | T33: 79 | U33: #LiveForNow | V33: =RANK(T33, T:T) -> 251 | X33: 2076 | Y33: 104 | Z33: #LiveForNow | AA33: =X33+Y33 -> 2180
A34: P033 | B34: Facebook | C34: 2024-08-21 | D34: Image | E34: Check out our latest image on facebook! | F34: 1407 | G34: 400 | H34: 351 | I34: 16884 | J34: 15954 | K34: 113 | L34: #PepsiCoRefresh | M34: SummerSplash | N34: #PepsiCoRefresh | Q34: =(F34+G34+H34)/I34 -> 0.12781331 | R34: =F34+G34+H34 -> 2158 | T34: 221 | U34: #LiveForNow | V34: =RANK(T34, T:T) -> 93 | X34: 432 | Y34: 123 | Z34: #LiveForNow | AA34: =X34+Y34 -> 555
A35: P034 | B35: Facebook | C35: 2025-03-26 | D35: Text | E35: Check out our latest text on facebook! | F35: 1652 | G35: 89 | H35: 357 | I35: 29736 | J35: 28771 | K35: 215 | L35: #PepsiCoRefresh | M35: NewYearRefresh | N35: #PepsiCoRefresh | Q35: =(F35+G35+H35)/I35 -> 0.07055421 | R35: =F35+G35+H35 -> 2098 | T35: 93 | U35: #ThirstyForMore | V35: =RANK(T35, T:T) -> 232 | X35: 2566 | Y35: 37 | Z35: #LiveForNow | AA35: =X35+Y35 -> 2603
A36: P035 | B36: Instagram | C36: 2024-11-30 | D36: Video | E36: Check out our latest video on instagram! | F36: 3775 | G36: 16 | H36: 239 | I36: 33975 | J36: 33310 | K36: 271 | L36: #LiveForNow | M36: FestiveRadiance | N36: #LiveForNow | Q36: =(F36+G36+H36)/I36 -> 0.11861663 | R36: =F36+G36+H36 -> 4030 | T36: 282 | U36: #PepsiCoRefresh | V36: =RANK(T36, T:T) -> 15 | X36: 3095 | Y36: 78 | Z36: #ThirstyForMore | AA36: =X36+Y36 -> 3173
A37: P036 | B37: Instagram | C37: 2025-04-19 | D37: Story | E37: Check out our latest story on instagram! | F37: 4518 | G37: 285 | H37: 383 | I37: 67770 | J37: 67621 | K37: 31 | L37: #ThirstyForMore | M37: FestiveRadiance | N37: #ThirstyForMore | Q37: =(F37+G37+H37)/I37 -> 0.076523535 | R37: =F37+G37+H37 -> 5186 | T37: 275 | U37: #ThirstyForMore | V37: =RANK(T37, T:T) -> 25 | X37: 438 | Y37: 275 | Z37: #PepsiCoRefresh | AA37: =X37+Y37 -> 713
A38: P037 | B38: Facebook | C38: 2025-01-06 | D38: Carousel | E38: Check out our latest carousel on facebook! | F38: 3024 | G38: 925 | H38: 350 | I38: 24192 | J38: 23518 | K38: 36 | L38: #ThirstyForMore | M38: FestiveRadiance | N38: #ThirstyForMore | Q38: =(F38+G38+H38)/I38 -> 0.17770337 | R38: =F38+G38+H38 -> 4299 | T38: 113 | U38: #PepsiCoRefresh | V38: =RANK(T38, T:T) -> 219 | X38: 2278 | Y38: 321 | Z38: #ThirstyForMore | AA38: =X38+Y38 -> 2599
A39: P038 | B39: YouTube | C39: 2025-02-17 | D39: Reel | E39: Check out our latest reel on youtube! | F39: 3138 | G39: 123 | H39: 291 | I39: 28242 | J39: 27550 | K39: 87 | L39: #PepsiCoRefresh | M39: DailyWellness | N39: #PepsiCoRefresh | Q39: =(F39+G39+H39)/I39 -> 0.12577013 | R39: =F39+G39+H39 -> 3552 | T39: 215 | U39: #PepsiCoRefresh | V39: =RANK(T39, T:T) -> 99 | X39: 1407 | Y39: 351 | Z39: #PepsiCoRefresh | AA39: =X39+Y39 -> 1758
A40: P039 | B40: Facebook | C40: 2024-11-25 | D40: Image | E40: Check out our latest image on facebook! | F40: 3564 | G40: 629 | H40: 177 | I40: 60588 | J40: 59627 | K40: 92 | L40: #PepsiCoRefresh | N40: #PepsiCoRefresh | Q40: =(F40+G40+H40)/I40 -> 0.072126494 | R40: =F40+G40+H40 -> 4370 | T40: 271 | U40: #LiveForNow | V40: =RANK(T40, T:T) -> 29 | X40: 1652 | Y40: 357 | Z40: #PepsiCoRefresh | AA40: =X40+Y40 -> 2009
A41: P040 | B41: Twitter | C41: 2025-03-07 | D41: Image | E41: Check out our latest image on twitter! | F41: 4750 | G41: 151 | H41: 415 | I41: 38000 | J41: 37792 | K41: 299 | L41: #ThirstyForMore | M41: DailyWellness | N41: #ThirstyForMore | Q41: =(F41+G41+H41)/I41 -> 0.13989474 | R41: =F41+G41+H41 -> 5316 | T41: 31 | U41: #ThirstyForMore | V41: =RANK(T41, T:T) -> 301 | X41: 3775 | Y41: 239 | Z41: #LiveForNow | AA41: =X41+Y41 -> 4014
A42: P041 | B42: Instagram | C42: 2025-03-08 | D42: Reel | E42: Check out our latest reel on instagram! | F42: 456 | G42: 629 | H42: 428 | I42: 8208 | J42: 7377 | K42: 205 | L42: #LiveForNow | M42: DailyWellness | N42: #LiveForNow | Q42: =(F42+G42+H42)/I42 -> 0.18433236 | R42: =F42+G42+H42 -> 1513 | T42: 36 | U42: #ThirstyForMore | V42: =RANK(T42, T:T) -> 294 | X42: 4518 | Y42: 383 | Z42: #ThirstyForMore | AA42: =X42+Y42 -> 4901
A43: P042 | B43: YouTube | C43: 2025-03-05 | D43: Reel | E43: Check out our latest reel on youtube! | F43: 1543 | G43: 820 | H43: 333 | I43: 12344 | J43: 11496 | K43: 241 | L43: #ThirstyForMore | N43: #ThirstyForMore | Q43: =(F43+G43+H43)/I43 -> 0.2184057 | R43: =F43+G43+H43 -> 2696 | T43: 87 | U43: #PepsiCoRefresh | V43: =RANK(T43, T:T) -> 240 | X43: 3024 | Y43: 350 | Z43: #ThirstyForMore | AA43: =X43+Y43 -> 3374
A44: P043 | B44: Instagram | C44: 2024-12-14 | D44: Carousel | E44: Check out our latest carousel on instagram! | F44: 2174 | G44: 658 | H44: 15 | I44: 13044 | J44: 12206 | K44: 137 | L44: #PepsiCoRefresh | M44: NewYearRefresh | N44: #PepsiCoRefresh | Q44: =(F44+G44+H44)/I44 -> 0.21826127 | R44: =F44+G44+H44 -> 2847 | T44: 92 | U44: #PepsiCoRefresh | V44: =RANK(T44, T:T) -> 234 | X44: 3138 | Y44: 291 | Z44: #PepsiCoRefresh | AA44: =X44+Y44 -> 3429
A45: P044 | B45: Twitter | C45: 2025-03-02 | D45: Image | E45: Check out our latest image on twitter! | F45: 2358 | G45: 784 | H45: 344 | I45: 35370 | J45: 34475 | K45: 216 | L45: #PepsiCoRefresh | N45: #PepsiCoRefresh | Q45: =(F45+G45+H45)/I45 -> 0.0985581 | R45: =F45+G45+H45 -> 3486 | T45: 299 | U45: #ThirstyForMore | V45: =RANK(T45, T:T) -> 2 | X45: 3564 | Y45: 177 | Z45: #PepsiCoRefresh | AA45: =X45+Y45 -> 3741
A46: P045 | B46: Facebook | C46: 2024-11-01 | D46: Video | E46: Check out our latest video on facebook! | F46: 3371 | G46: 106 | H46: 327 | I46: 50565 | J46: 49816 | K46: 176 | L46: #LiveForNow | M46: SummerSplash | N46: #LiveForNow | Q46: =(F46+G46+H46)/I46 -> 0.075229902 | R46: =F46+G46+H46 -> 3804 | T46: 205 | U46: #LiveForNow | V46: =RANK(T46, T:T) -> 113 | X46: 4750 | Y46: 415 | Z46: #ThirstyForMore | AA46: =X46+Y46 -> 5165
A47: P046 | B47: Twitter | C47: 2025-05-02 | D47: Video | E47: Check out our latest video on twitter! | F47: 1108 | G47: 177 | H47: 212 | I47: 8864 | J47: 8710 | K47: 97 | L47: #PepsiCoRefresh | M47: DailyWellness | N47: #PepsiCoRefresh | Q47: =(F47+G47+H47)/I47 -> 0.16888538 | R47: =F47+G47+H47 -> 1497 | T47: 241 | U47: #ThirstyForMore | V47: =RANK(T47, T:T) -> 57 | X47: 456 | Y47: 428 | Z47: #LiveForNow | AA47: =X47+Y47 -> 884
A48: P047 | B48: Twitter | C48: 2025-02-24 | D48: Carousel | E48: Check out our latest carousel on twitter! | F48: 2704 | G48: 752 | H48: 153 | I48: 21632 | J48: 20792 | K48: 127 | L48: #LiveForNow | N48: #LiveForNow | Q48: =(F48+G48+H48)/I48 -> 0.16683617 | R48: =F48+G48+H48 -> 3609 | T48: 137 | U48: #PepsiCoRefresh | V48: =RANK(T48, T:T) -> 185 | X48: 1543 | Y48: 333 | Z48: #ThirstyForMore | AA48: =X48+Y48 -> 1876
A49: P048 | B49: Twitter | C49: 2025-03-11 | D49: Story | E49: Check out our latest story on twitter! | F49: 1950 | G49: 295 | H49: 478 | I49: 37050 | J49: 36272 | K49: 119 | L49: #PepsiCoRefresh | N49: #PepsiCoRefresh | Q49: =(F49+G49+H49)/I49 -> 0.073495277 | R49: =F49+G49+H49 -> 2723 | T49: 216 | U49: #PepsiCoRefresh | V49: =RANK(T49, T:T) -> 98 | X49: 2174 | Y49: 15 | Z49: #PepsiCoRefresh | AA49: =X49+Y49 -> 2189
A50: P049 | B50: Twitter | C50: 2024-06-10 | D50: Story | E50: Check out our latest story on twitter! | F50: 2164 | G50: 549 | H50: 274 | I50: 28132 | J50: 27361 | K50: 177 | L50: #PepsiCoRefresh | M50: DailyWellness | N50: #PepsiCoRefresh | Q50: =(F50+G50+H50)/I50 -> 0.10617802 | R50: =F50+G50+H50 -> 2987 | T50: 176 | U50: #LiveForNow | V50: =RANK(T50, T:T) -> 146 | X50: 2358 | Y50: 344 | Z50: #PepsiCoRefresh | AA50: =X50+Y50 -> 2702
A51: P050 | B51: YouTube | C51: 2024-07-03 | D51: Story | E51: Check out our latest story on youtube! | F51: 2754 | G51: 130 | H51: 90 | I51: 22032 | J51: 21288 | K51: 112 | L51: #PepsiCoRefresh | M51: NewYearRefresh | N51: #PepsiCoRefresh | Q51: =(F51+G51+H51)/I51 -> 0.13498548 | R51: =F51+G51+H51 -> 2974 | T51: 97 | U51: #PepsiCoRefresh | V51: =RANK(T51, T:T) -> 231 | X51: 3371 | Y51: 327 | Z51: #LiveForNow | AA51: =X51+Y51 -> 3698
A52: P051 | B52: Facebook | C52: 2024-06-13 | D52: Carousel | E52: Check out our latest carousel on facebook! | F52: 2200 | G52: 504 | H52: 239 | I52: 37400 | J52: 36938 | K52: 225 | L52: #LiveForNow | M52: FestiveRadiance | N52: #LiveForNow | Q52: =(F52+G52+H52)/I52 -> 0.07868984 | R52: =F52+G52+H52 -> 2943 | T52: 127 | U52: #LiveForNow | V52: =RANK(T52, T:T) -> 200 | X52: 1108 | Y52: 212 | Z52: #PepsiCoRefresh | AA52: =X52+Y52 -> 1320
A53: P052 | B53: Facebook | C53: 2025-01-03 | D53: Image | E53: Check out our latest image on facebook! | F53: 947 | G53: 338 | H53: 350 | I53: 10417 | J53: 9730 | K53: 34 | L53: #PepsiCoRefresh | M53: DailyWellness | N53: #PepsiCoRefresh | Q53: =(F53+G53+H53)/I53 -> 0.15695498 | R53: =F53+G53+H53 -> 1635 | T53: 119 | U53: #PepsiCoRefresh | V53: =RANK(T53, T:T) -> 209 | X53: 2704 | Y53: 153 | Z53: #LiveForNow | AA53: =X53+Y53 -> 2857
A54: P053 | B54: YouTube | C54: 2025-02-24 | D54: Carousel | E54: Check out our latest carousel on youtube! | F54: 804 | G54: 639 | H54: 43 | I54: 4020 | J54: 3144 | K54: 11 | L54: #ThirstyForMore,#BetterWithPepsi | N54: #ThirstyForMore | O54: #BetterWithPepsi | Q54: =(F54+G54+H54)/I54 -> 0.36965174 | R54: =F54+G54+H54 -> 1486 | T54: 177 | U54: #PepsiCoRefresh | V54: =RANK(T54, T:T) -> 144 | X54: 1950 | Y54: 478 | Z54: #PepsiCoRefresh | AA54: =X54+Y54 -> 2428
A55: P054 | B55: YouTube | C55: 2025-03-13 | D55: Carousel | E55: Check out our latest carousel on youtube! | F55: 1686 | G55: 904 | H55: 472 | I55: 18546 | J55: 18171 | K55: 52 | L55: #LiveForNow | M55: FestiveRadiance | N55: #LiveForNow | Q55: =(F55+G55+H55)/I55 -> 0.16510299 | R55: =F55+G55+H55 -> 3062 | T55: 112 | U55: #PepsiCoRefresh | V55: =RANK(T55, T:T) -> 220 | X55: 2164 | Y55: 274 | Z55: #PepsiCoRefresh | AA55: =X55+Y55 -> 2438
A56: P055 | B56: Facebook | C56: 2024-06-17 | D56: Image | E56: Check out our latest image on facebook! | F56: 1226 | G56: 119 | H56: 7 | I56: 14712 | J56: 14049 | K56: 123 | L56: #ThirstyForMore | M56: DailyWellness | N56: #ThirstyForMore | Q56: =(F56+G56+H56)/I56 -> 0.091897771 | R56: =F56+G56+H56 -> 1352 | T56: 225 | U56: #LiveForNow | V56: =RANK(T56, T:T) -> 85 | X56: 2754 | Y56: 90 | Z56: #PepsiCoRefresh | AA56: =X56+Y56 -> 2844
A57: P056 | B57: Facebook | C57: 2024-12-18 | D57: Carousel | E57: Check out our latest carousel on facebook! | F57: 2946 | G57: 498 | H57: 367 | I57: 29460 | J57: 28527 | K57: 60 | L57: #LiveForNow | M57: NewYearRefresh | N57: #LiveForNow | Q57: =(F57+G57+H57)/I57 -> 0.12936185 | R57: =F57+G57+H57 -> 3811 | T57: 34 | U57: #PepsiCoRefresh | V57: =RANK(T57, T:T) -> 298 | X57: 2200 | Y57: 239 | Z57: #LiveForNow | AA57: =X57+Y57 -> 2439
A58: P057 | B58: Twitter | C58: 2024-10-21 | D58: Video | E58: Check out our latest video on twitter! | F58: 2825 | G58: 535 | H58: 295 | I58: 45200 | J58: 44739 | K58: 169 | L58: #PepsiCoRefresh | M58: SummerSplash | N58: #PepsiCoRefresh | Q58: =(F58+G58+H58)/I58 -> 0.080862832 | R58: =F58+G58+H58 -> 3655 | T58: 11 | U58: #ThirstyForMore | V58: =RANK(T58, T:T) -> 328 | X58: 947 | Y58: 350 | Z58: #PepsiCoRefresh | AA58: =X58+Y58 -> 1297
A59: P058 | B59: Instagram | C59: 2025-04-15 | D59: Reel | E59: Check out our latest reel on instagram! | F59: 103 | G59: 770 | H59: 19 | I59: 1030 | J59: 410 | K59: 262 | L59: #PepsiCoRefresh | M59: DailyWellness | N59: #PepsiCoRefresh | Q59: =(F59+G59+H59)/I59 -> 0.86601942 | R59: =F59+G59+H59 -> 892 | T59: 11 | U59: #BetterWithPepsi | V59: =RANK(T59, T:T) -> 328 | X59: 804 | Y59: 43 | Z59: #ThirstyForMore | AA59: =X59+Y59 -> 847
A60: P059 | B60: Instagram | C60: 2024-06-22 | D60: Text | E60: Check out our latest text on instagram! | F60: 2180 | G60: 263 | H60: 387 | I60: 30520 | J60: 30059 | K60: 174 | L60: #ThirstyForMore | N60: #ThirstyForMore | Q60: =(F60+G60+H60)/I60 -> 0.092726081 | R60: =F60+G60+H60 -> 2830 | T60: 52 | U60: #LiveForNow | V60: =RANK(T60, T:T) -> 272 | X60: 804 | Y60: 43 | Z60: #BetterWithPepsi | AA60: =X60+Y60 -> 847
A61: P060 | B61: Instagram | C61: 2025-01-28 | D61: Video | E61: Check out our latest video on instagram! | F61: 904 | G61: 973 | H61: 63 | I61: 11752 | J61: 11580 | K61: 84 | L61: #ThirstyForMore,#PepsiCoRefresh,#AnytimeIsPepsiTime | M61: NewYearRefresh | N61: #ThirstyForMore | O61: #PepsiCoRefresh | P61: #AnytimeIsPepsiTime | Q61: =(F61+G61+H61)/I61 -> 0.16507828 | R61: =F61+G61+H61 -> 1940 | T61: 123 | U61: #ThirstyForMore | V61: =RANK(T61, T:T) -> 202 | X61: 1686 | Y61: 472 | Z61: #LiveForNow | AA61: =X61+Y61 -> 2158
A62: P061 | B62: Twitter | C62: 2024-09-05 | D62: Video | E62: Check out our latest video on twitter! | F62: 4886 | G62: 983 | H62: 409 | I62: 43974 | J62: 43239 | K62: 65 | L62: #PepsiCoRefresh | M62: SummerSplash | N62: #PepsiCoRefresh | Q62: =(F62+G62+H62)/I62 -> 0.14276618 | R62: =F62+G62+H62 -> 6278 | T62: 60 | U62: #LiveForNow | V62: =RANK(T62, T:T) -> 266 | X62: 1226 | Y62: 7 | Z62: #ThirstyForMore | AA62: =X62+Y62 -> 1233
A63: P062 | B63: Twitter | C63: 2024-11-22 | D63: Carousel | E63: Check out our latest carousel on twitter! | F63: 53 | G63: 81 | H63: 379 | I63: 954 | J63: 7 | K63: 148 | L63: #PepsiCoRefresh | M63: NewYearRefresh | N63: #PepsiCoRefresh | Q63: =(F63+G63+H63)/I63 -> 0.53773585 | R63: =F63+G63+H63 -> 513 | T63: 169 | U63: #PepsiCoRefresh | V63: =RANK(T63, T:T) -> 157 | X63: 2946 | Y63: 367 | Z63: #LiveForNow | AA63: =X63+Y63 -> 3313
A64: P063 | B64: Twitter | C64: 2024-07-31 | D64: Carousel | E64: Check out our latest carousel on twitter! | F64: 4507 | G64: 217 | H64: 13 | I64: 90140 | J64: 89591 | K64: 125 | L64: #LiveForNow | M64: NewYearRefresh | N64: #LiveForNow | Q64: =(F64+G64+H64)/I64 -> 0.052551586 | R64: =F64+G64+H64 -> 4737 | T64: 262 | U64: #PepsiCoRefresh | V64: =RANK(T64, T:T) -> 38 | X64: 2825 | Y64: 295 | Z64: #PepsiCoRefresh | AA64: =X64+Y64 -> 3120
A65: P064 | B65: Facebook | C65: 2024-08-17 | D65: Image | E65: Check out our latest image on facebook! | F65: 2878 | G65: 248 | H65: 416 | I65: 43170 | J65: 42667 | K65: 75 | L65: #LiveForNow | M65: NewYearRefresh | N65: #LiveForNow | Q65: =(F65+G65+H65)/I65 -> 0.082047718 | R65: =F65+G65+H65 -> 3542 | T65: 174 | U65: #ThirstyForMore | V65: =RANK(T65, T:T) -> 148 | X65: 103 | Y65: 19 | Z65: #PepsiCoRefresh | AA65: =X65+Y65 -> 122
A66: P065 | B66: Instagram | C66: 2025-03-28 | D66: Story | E66: Check out our latest story on instagram! | F66: 1881 | G66: 501 | H66: 99 | I66: 20691 | J66: 19987 | K66: 289 | L66: #ThirstyForMore | N66: #ThirstyForMore | Q66: =(F66+G66+H66)/I66 -> 0.11990721 | R66: =F66+G66+H66 -> 2481 | T66: 84 | U66: #ThirstyForMore | V66: =RANK(T66, T:T) -> 244 | X66: 2180 | Y66: 387 | Z66: #ThirstyForMore | AA66: =X66+Y66 -> 2567
A67: P066 | B67: Twitter | C67: 2024-07-26 | D67: Carousel | E67: Check out our latest carousel on twitter! | F67: 432 | G67: 171 | H67: 280 | I67: 3024 | J67: 2285 | K67: 184 | L67: #ThirstyForMore | M67: SummerSplash | N67: #ThirstyForMore | Q67: =(F67+G67+H67)/I67 -> 0.29199735 | R67: =F67+G67+H67 -> 883 | T67: 84 | U67: #PepsiCoRefresh | V67: =RANK(T67, T:T) -> 244 | X67: 904 | Y67: 63 | Z67: #ThirstyForMore | AA67: =X67+Y67 -> 967
A68: P067 | B68: Facebook | C68: 2025-03-29 | D68: Carousel | E68: Check out our latest carousel on facebook! | F68: 4712 | G68: 568 | H68: 127 | I68: 84816 | J68: 84691 | K68: 100 | L68: #ThirstyForMore | M68: NewYearRefresh | N68: #ThirstyForMore | Q68: =(F68+G68+H68)/I68 -> 0.063749764 | R68: =F68+G68+H68 -> 5407 | T68: 84 | U68: #AnytimeIsPepsiTime | V68: =RANK(T68, T:T) -> 244 | X68: 904 | Y68: 63 | Z68: #PepsiCoRefresh | AA68: =X68+Y68 -> 967
A69: P068 | B69: Instagram | C69: 2024-12-08 | D69: Story | E69: Check out our latest story on instagram! | F69: 2610 | G69: 126 | H69: 288 | I69: 15660 | J69: 15145 | K69: 73 | L69: #ThirstyForMore | N69: #ThirstyForMore | Q69: =(F69+G69+H69)/I69 -> 0.19310345 | R69: =F69+G69+H69 -> 3024 | T69: 65 | U69: #PepsiCoRefresh | V69: =RANK(T69, T:T) -> 259 | X69: 904 | Y69: 63 | Z69: #AnytimeIsPepsiTime | AA69: =X69+Y69 -> 967
A70: P069 | B70: Twitter | C70: 2025-03-08 | D70: Text | E70: Check out our latest text on twitter! | F70: 1292 | G70: 626 | H70: 496 | I70: 25840 | J70: 24916 | K70: 149 | L70: #LiveForNow | M70: NewYearRefresh | N70: #LiveForNow | Q70: =(F70+G70+H70)/I70 -> 0.093421053 | R70: =F70+G70+H70 -> 2414 | T70: 148 | U70: #PepsiCoRefresh | V70: =RANK(T70, T:T) -> 175 | X70: 4886 | Y70: 409 | Z70: #PepsiCoRefresh | AA70: =X70+Y70 -> 5295
A71: P070 | B71: Facebook | C71: 2025-04-02 | D71: Video | E71: Check out our latest video on facebook! | F71: 199 | G71: 772 | H71: 400 | I71: 3582 | J71: 2988 | K71: 43 | L71: #PepsiCoRefresh | N71: #PepsiCoRefresh | Q71: =(F71+G71+H71)/I71 -> 0.38274707 | R71: =F71+G71+H71 -> 1371 | T71: 125 | U71: #LiveForNow | V71: =RANK(T71, T:T) -> 201 | X71: 53 | Y71: 379 | Z71: #PepsiCoRefresh | AA71: =X71+Y71 -> 432
A72: P071 | B72: YouTube | C72: 2024-09-02 | D72: Carousel | E72: Check out our latest carousel on youtube! | F72: 2551 | G72: 915 | H72: 205 | I72: 30612 | J72: 30360 | K72: 227 | L72: #PepsiCoRefresh | M72: FestiveRadiance | N72: #PepsiCoRefresh | Q72: =(F72+G72+H72)/I72 -> 0.11992029 | R72: =F72+G72+H72 -> 3671 | T72: 75 | U72: #LiveForNow | V72: =RANK(T72, T:T) -> 254 | X72: 4507 | Y72: 13 | Z72: #LiveForNow | AA72: =X72+Y72 -> 4520
A73: P072 | B73: YouTube | C73: 2025-03-03 | D73: Reel | E73: Check out our latest reel on youtube! | F73: 296 | G73: 60 | H73: 141 | I73: 5624 | J73: 5239 | K73: 88 | L73: #ThirstyForMore | M73: FestiveRadiance | N73: #ThirstyForMore | Q73: =(F73+G73+H73)/I73 -> 0.088371266 | R73: =F73+G73+H73 -> 497 | T73: 289 | U73: #ThirstyForMore | V73: =RANK(T73, T:T) -> 10 | X73: 2878 | Y73: 416 | Z73: #LiveForNow | AA73: =X73+Y73 -> 3294
A74: P073 | B74: Facebook | C74: 2024-10-18 | D74: Story | E74: Check out our latest story on facebook! | F74: 4126 | G74: 426 | H74: 486 | I74: 78394 | J74: 77798 | K74: 88 | L74: #LiveForNow | M74: DailyWellness | N74: #LiveForNow | Q74: =(F74+G74+H74)/I74 -> 0.064265122 | R74: =F74+G74+H74 -> 5038 | T74: 184 | U74: #ThirstyForMore | V74: =RANK(T74, T:T) -> 140 | X74: 1881 | Y74: 99 | Z74: #ThirstyForMore | AA74: =X74+Y74 -> 1980
A75: P074 | B75: YouTube | C75: 2024-10-28 | D75: Reel | E75: Check out our latest reel on youtube! | F75: 1855 | G75: 200 | H75: 174 | I75: 16695 | J75: 16330 | K75: 123 | L75: #PepsiCoRefresh | M75: NewYearRefresh | N75: #PepsiCoRefresh | Q75: =(F75+G75+H75)/I75 -> 0.13351303 | R75: =F75+G75+H75 -> 2229 | T75: 100 | U75: #ThirstyForMore | V75: =RANK(T75, T:T) -> 229 | X75: 432 | Y75: 280 | Z75: #ThirstyForMore | AA75: =X75+Y75 -> 712
A76: P075 | B76: Instagram | C76: 2024-08-01 | D76: Reel | E76: Check out our latest reel on instagram! | F76: 1674 | G76: 929 | H76: 37 | I76: 21762 | J76: 20998 | K76: 255 | L76: #PepsiCoRefresh | M76: DailyWellness | N76: #PepsiCoRefresh | Q76: =(F76+G76+H76)/I76 -> 0.12131238 | R76: =F76+G76+H76 -> 2640 | T76: 73 | U76: #ThirstyForMore | V76: =RANK(T76, T:T) -> 255 | X76: 4712 | Y76: 127 | Z76: #ThirstyForMore | AA76: =X76+Y76 -> 4839
A77: P076 | B77: Twitter | C77: 2024-11-07 | D77: Story | E77: Check out our latest story on twitter! | F77: 1121 | G77: 135 | H77: 18 | I77: 15694 | J77: 14957 | K77: 99 | L77: #PepsiCoRefresh | M77: DailyWellness | N77: #PepsiCoRefresh | Q77: =(F77+G77+H77)/I77 -> 0.08117752 | R77: =F77+G77+H77 -> 1274 | T77: 149 | U77: #LiveForNow | V77: =RANK(T77, T:T) -> 174 | X77: 2610 | Y77: 288 | Z77: #ThirstyForMore | AA77: =X77+Y77 -> 2898
A78: P077 | B78: Facebook | C78: 2025-03-04 | D78: Story | E78: Check out our latest story on facebook! | F78: 1249 | G78: 116 | H78: 420 | I78: 8743 | J78: 8538 | K78: 63 | L78: #PepsiCoRefresh | N78: #PepsiCoRefresh | Q78: =(F78+G78+H78)/I78 -> 0.20416333 | R78: =F78+G78+H78 -> 1785 | T78: 43 | U78: #PepsiCoRefresh | V78: =RANK(T78, T:T) -> 285 | X78: 1292 | Y78: 496 | Z78: #LiveForNow | AA78: =X78+Y78 -> 1788
A79: P078 | B79: Twitter | C79: 2024-06-17 | D79: Image | E79: Check out our latest image on twitter! | F79: 954 | G79: 324 | H79: 288 | I79: 19080 | J79: 18859 | K79: 21 | L79: #LiveForNow | M79: DailyWellness | N79: #LiveForNow | Q79: =(F79+G79+H79)/I79 -> 0.082075472 | R79: =F79+G79+H79 -> 1566 | T79: 227 | U79: #PepsiCoRefresh | V79: =RANK(T79, T:T) -> 83 | X79: 199 | Y79: 400 | Z79: #PepsiCoRefresh | AA79: =X79+Y79 -> 599
A80: P079 | B80: Instagram | C80: 2024-10-09 | D80: Carousel | E80: Check out our latest carousel on instagram! | F80: 3068 | G80: 137 | H80: 329 | I80: 39884 | J80: 39404 | K80: 266 | L80: #ThirstyForMore | M80: FestiveRadiance | N80: #ThirstyForMore | Q80: =(F80+G80+H80)/I80 -> 0.08860696 | R80: =F80+G80+H80 -> 3534 | T80: 88 | U80: #ThirstyForMore | V80: =RANK(T80, T:T) -> 238 | X80: 2551 | Y80: 205 | Z80: #PepsiCoRefresh | AA80: =X80+Y80 -> 2756
A81: P080 | B81: Instagram | C81: 2024-06-13 | D81: Story | E81: Check out our latest story on instagram! | F81: 2103 | G81: 892 | H81: 103 | I81: 39957 | J81: 39466 | K81: 28 | L81: #LiveForNow | N81: #LiveForNow | Q81: =(F81+G81+H81)/I81 -> 0.077533348 | R81: =F81+G81+H81 -> 3098 | T81: 88 | U81: #LiveForNow | V81: =RANK(T81, T:T) -> 238 | X81: 296 | Y81: 141 | Z81: #ThirstyForMore | AA81: =X81+Y81 -> 437
A82: P081 | B82: Instagram | C82: 2024-10-19 | D82: Story | E82: Check out our latest story on instagram! | F82: 1816 | G82: 29 | H82: 41 | I82: 19976 | J82: 19262 | K82: 283 | L82: #PepsiCoRefresh | M82: NewYearRefresh | N82: #PepsiCoRefresh | Q82: =(F82+G82+H82)/I82 -> 0.094413296 | R82: =F82+G82+H82 -> 1886 | T82: 123 | U82: #PepsiCoRefresh | V82: =RANK(T82, T:T) -> 202 | X82: 4126 | Y82: 486 | Z82: #LiveForNow | AA82: =X82+Y82 -> 4612
A83: P082 | B83: Instagram | C83: 2024-07-24 | D83: Image | E83: Check out our latest image on instagram! | F83: 725 | G83: 88 | H83: 428 | I83: 14500 | J83: 13637 | K83: 200 | L83: #LiveForNow,#PepsiCoRefresh,#AnytimeIsPepsiTime | M83: NewYearRefresh | N83: #LiveForNow | O83: #PepsiCoRefresh | P83: #AnytimeIsPepsiTime | Q83: =(F83+G83+H83)/I83 -> 0.085586207 | R83: =F83+G83+H83 -> 1241 | T83: 255 | U83: #PepsiCoRefresh | V83: =RANK(T83, T:T) -> 41 | X83: 1855 | Y83: 174 | Z83: #PepsiCoRefresh | AA83: =X83+Y83 -> 2029
A84: P083 | B84: YouTube | C84: 2024-10-15 | D84: Video | E84: Check out our latest video on youtube! | F84: 1094 | G84: 472 | H84: 21 | I84: 9846 | J84: 9609 | K84: 112 | L84: #ThirstyForMore | N84: #ThirstyForMore | Q84: =(F84+G84+H84)/I84 -> 0.16118221 | R84: =F84+G84+H84 -> 1587 | T84: 99 | U84: #PepsiCoRefresh | V84: =RANK(T84, T:T) -> 230 | X84: 1674 | Y84: 37 | Z84: #PepsiCoRefresh | AA84: =X84+Y84 -> 1711
A85: P084 | B85: Facebook | C85: 2024-12-09 | D85: Image | E85: Check out our latest image on facebook! | F85: 1841 | G85: 851 | H85: 342 | I85: 34979 | J85: 34154 | K85: 255 | L85: #LiveForNow | M85: DailyWellness | N85: #LiveForNow | Q85: =(F85+G85+H85)/I85 -> 0.086737757 | R85: =F85+G85+H85 -> 3034 | T85: 63 | U85: #PepsiCoRefresh | V85: =RANK(T85, T:T) -> 263 | X85: 1121 | Y85: 18 | Z85: #PepsiCoRefresh | AA85: =X85+Y85 -> 1139
A86: P085 | B86: Instagram | C86: 2025-04-19 | D86: Image | E86: Check out our latest image on instagram! | F86: 4177 | G86: 569 | H86: 55 | I86: 25062 | J86: 24847 | K86: 230 | L86: #LiveForNow | M86: SummerSplash | N86: #LiveForNow | Q86: =(F86+G86+H86)/I86 -> 0.19156492 | R86: =F86+G86+H86 -> 4801 | T86: 21 | U86: #LiveForNow | V86: =RANK(T86, T:T) -> 314 | X86: 1249 | Y86: 420 | Z86: #PepsiCoRefresh | AA86: =X86+Y86 -> 1669
A87: P086 | B87: YouTube | C87: 2025-01-27 | D87: Text | E87: Check out our latest text on youtube! | F87: 3428 | G87: 305 | H87: 85 | I87: 58276 | J87: 58052 | K87: 242 | L87: #ThirstyForMore,#BetterWithPepsi | M87: DailyWellness | N87: #ThirstyForMore | O87: #BetterWithPepsi | Q87: =(F87+G87+H87)/I87 -> 0.065515821 | R87: =F87+G87+H87 -> 3818 | T87: 266 | U87: #ThirstyForMore | V87: =RANK(T87, T:T) -> 33 | X87: 954 | Y87: 288 | Z87: #LiveForNow | AA87: =X87+Y87 -> 1242
A88: P087 | B88: Twitter | C88: 2024-06-06 | D88: Video | E88: Check out our latest video on twitter! | F88: 1436 | G88: 765 | H88: 496 | I88: 12924 | J88: 12701 | K88: 197 | L88: #LiveForNow | M88: NewYearRefresh | N88: #LiveForNow | Q88: =(F88+G88+H88)/I88 -> 0.20868152 | R88: =F88+G88+H88 -> 2697 | T88: 28 | U88: #LiveForNow | V88: =RANK(T88, T:T) -> 303 | X88: 3068 | Y88: 329 | Z88: #ThirstyForMore | AA88: =X88+Y88 -> 3397
A89: P088 | B89: Facebook | C89: 2024-07-07 | D89: Story | E89: Check out our latest story on facebook! | F89: 302 | G89: 47 | H89: 430 | I89: 5738 | J89: 4890 | K89: 25 | L89: #PepsiCoRefresh | M89: DailyWellness | N89: #PepsiCoRefresh | Q89: =(F89+G89+H89)/I89 -> 0.13576159 | R89: =F89+G89+H89 -> 779 | T89: 283 | U89: #PepsiCoRefresh | V89: =RANK(T89, T:T) -> 14 | X89: 2103 | Y89: 103 | Z89: #LiveForNow | AA89: =X89+Y89 -> 2206
A90: P089 | B90: Twitter | C90: 2025-01-10 | D90: Image | E90: Check out our latest image on twitter! | F90: 2214 | G90: 249 | H90: 152 | I90: 15498 | J90: 14800 | K90: 180 | L90: #ThirstyForMore | N90: #ThirstyForMore | Q90: =(F90+G90+H90)/I90 -> 0.16873145 | R90: =F90+G90+H90 -> 2615 | T90: 200 | U90: #LiveForNow | V90: =RANK(T90, T:T) -> 117 | X90: 1816 | Y90: 41 | Z90: #PepsiCoRefresh | AA90: =X90+Y90 -> 1857
A91: P090 | B91: Instagram | C91: 2024-06-03 | D91: Image | E91: Check out our latest image on instagram! | F91: 3861 | G91: 960 | H91: 101 | I91: 69498 | J91: 68817 | K91: 297 | L91: #PepsiCoRefresh | M91: DailyWellness | N91: #PepsiCoRefresh | Q91: =(F91+G91+H91)/I91 -> 0.070822182 | R91: =F91+G91+H91 -> 4922 | T91: 200 | U91: #PepsiCoRefresh | V91: =RANK(T91, T:T) -> 117 | X91: 725 | Y91: 428 | Z91: #LiveForNow | AA91: =X91+Y91 -> 1153
A92: P091 | B92: Facebook | C92: 2025-03-24 | D92: Image | E92: Check out our latest image on facebook! | F92: 1263 | G92: 397 | H92: 357 | I92: 25260 | J92: 24615 | K92: 137 | L92: #ThirstyForMore | M92: DailyWellness | N92: #ThirstyForMore | Q92: =(F92+G92+H92)/I92 -> 0.079849565 | R92: =F92+G92+H92 -> 2017 | T92: 200 | U92: #AnytimeIsPepsiTime | V92: =RANK(T92, T:T) -> 117 | X92: 725 | Y92: 428 | Z92: #PepsiCoRefresh | AA92: =X92+Y92 -> 1153
A93: P092 | B93: Twitter | C93: 2024-10-21 | D93: Story | E93: Check out our latest story on twitter! | F93: 3801 | G93: 967 | H93: 401 | I93: 38010 | J93: 37625 | K93: 236 | L93: #LiveForNow | M93: NewYearRefresh | N93: #LiveForNow | Q93: =(F93+G93+H93)/I93 -> 0.13599053 | R93: =F93+G93+H93 -> 5169 | T93: 112 | U93: #ThirstyForMore | V93: =RANK(T93, T:T) -> 220 | X93: 725 | Y93: 428 | Z93: #AnytimeIsPepsiTime | AA93: =X93+Y93 -> 1153
A94: P093 | B94: Instagram | C94: 2024-12-11 | D94: Video | E94: Check out our latest video on instagram! | F94: 1431 | G94: 951 | H94: 26 | I94: 8586 | J94: 8396 | K94: 150 | L94: #ThirstyForMore | M94: NewYearRefresh | N94: #ThirstyForMore | Q94: =(F94+G94+H94)/I94 -> 0.28045656 | R94: =F94+G94+H94 -> 2408 | T94: 255 | U94: #LiveForNow | V94: =RANK(T94, T:T) -> 41 | X94: 1094 | Y94: 21 | Z94: #ThirstyForMore | AA94: =X94+Y94 -> 1115
A95: P094 | B95: Instagram | C95: 2024-11-07 | D95: Image | E95: Check out our latest image on instagram! | F95: 2647 | G95: 304 | H95: 170 | I95: 18529 | J95: 17841 | K95: 46 | L95: #LiveForNow | M95: NewYearRefresh | N95: #LiveForNow | Q95: =(F95+G95+H95)/I95 -> 0.16843866 | R95: =F95+G95+H95 -> 3121 | T95: 230 | U95: #LiveForNow | V95: =RANK(T95, T:T) -> 79 | X95: 1841 | Y95: 342 | Z95: #LiveForNow | AA95: =X95+Y95 -> 2183
A96: P095 | B96: Instagram | C96: 2024-11-08 | D96: Text | E96: Check out our latest text on instagram! | F96: 3182 | G96: 559 | H96: 160 | I96: 57276 | J96: 56890 | K96: 163 | L96: #LiveForNow | M96: DailyWellness | N96: #LiveForNow | Q96: =(F96+G96+H96)/I96 -> 0.068108806 | R96: =F96+G96+H96 -> 3901 | T96: 242 | U96: #ThirstyForMore | V96: =RANK(T96, T:T) -> 53 | X96: 4177 | Y96: 55 | Z96: #LiveForNow | AA96: =X96+Y96 -> 4232
A97: P096 | B97: Twitter | C97: 2024-09-10 | D97: Image | E97: Check out our latest image on twitter! | F97: 1238 | G97: 366 | H97: 444 | I97: 19808 | J97: 19334 | K97: 123 | L97: #LiveForNow | N97: #LiveForNow | Q97: =(F97+G97+H97)/I97 -> 0.10339257 | R97: =F97+G97+H97 -> 2048 | T97: 242 | U97: #BetterWithPepsi | V97: =RANK(T97, T:T) -> 53 | X97: 3428 | Y97: 85 | Z97: #ThirstyForMore | AA97: =X97+Y97 -> 3513
A98: P097 | B98: Instagram | C98: 2024-08-13 | D98: Image | E98: Check out our latest image on instagram! | F98: 4739 | G98: 527 | H98: 135 | I98: 61607 | J98: 61333 | K98: 36 | L98: #PepsiCoRefresh,#AnytimeIsPepsiTime | M98: FestiveRadiance | N98: #PepsiCoRefresh | O98: #AnytimeIsPepsiTime | Q98: =(F98+G98+H98)/I98 -> 0.087668609 | R98: =F98+G98+H98 -> 5401 | T98: 197 | U98: #LiveForNow | V98: =RANK(T98, T:T) -> 124 | X98: 3428 | Y98: 85 | Z98: #BetterWithPepsi | AA98: =X98+Y98 -> 3513
A99: P099 | B99: YouTube | C99: 2024-07-02 | D99: Carousel | E99: Check out our latest carousel on youtube! | F99: 4171 | G99: 548 | H99: 86 | I99: 66736 | J99: 66634 | K99: 173 | L99: #LiveForNow | M99: NewYearRefresh | N99: #LiveForNow | Q99: =(F99+G99+H99)/I99 -> 0.07200012 | R99: =F99+G99+H99 -> 4805 | T99: 25 | U99: #PepsiCoRefresh | V99: =RANK(T99, T:T) -> 304 | X99: 1436 | Y99: 496 | Z99: #LiveForNow | AA99: =X99+Y99 -> 1932
A100: P100 | B100: YouTube | C100: 2025-02-10 | D100: Video | E100: Check out our latest video on youtube! | F100: 1766 | G100: 92 | H100: 424 | I100: 24724 | J100: 24333 | K100: 52 | L100: #ThirstyForMore | N100: #ThirstyForMore | Q100: =(F100+G100+H100)/I100 -> 0.092298981 | R100: =F100+G100+H100 -> 2282 | T100: 180 | U100: #ThirstyForMore | V100: =RANK(T100, T:T) -> 143 | X100: 302 | Y100: 430 | Z100: #PepsiCoRefresh | AA100: =X100+Y100 -> 732
...

Sheet Engagement Summary
A1: Week_Start_Date | B1: Platform | C1: New_Followers | D1: Unfollows | E1: Total_Followers | F1: Engagement_Rate | G1: Ad_Spend
A2: 45446 | B2: Instagram | C2: 1135 | D2: 88 | E2: 344084 | F2: 8.06 | G2: 5904
A3: 45446 | B3: Facebook | C3: 1312 | D3: 310 | E3: 42654 | F3: 4.98 | G3: 9566
A4: 45446 | B4: Twitter | C4: 584 | D4: 169 | E4: 146834 | F4: 8.31 | G4: 26752
A5: 45446 | B5: YouTube | C5: 1535 | D5: 445 | E5: 395536 | F5: 4.11 | G5: 30671
A6: 45453 | B6: Instagram | C6: 656 | D6: 139 | E6: 49157 | F6: 9.05 | G6: 9920
A7: 45453 | B7: Facebook | C7: 1697 | D7: 414 | E7: 316555 | F7: 2.37 | G7: 7924
A8: 45453 | B8: Twitter | C8: 436 | D8: 250 | E8: 254347 | F8: 4.01 | G8: 8912
A9: 45453 | B9: YouTube | C9: 1197 | D9: 203 | E9: 413878 | F9: 3.16 | G9: 21205
A10: 45460 | B10: Instagram | C10: 1048 | D10: 155 | E10: 456946 | F10: 2.46 | G10: 11329
A11: 45460 | B11: Facebook | C11: 1753 | D11: 371 | E11: 169496 | F11: 8.11 | G11: 46670
A12: 45460 | B12: Twitter | C12: 1335 | D12: 40 | E12: 122732 | F12: 8.19 | G12: 22482
A13: 45460 | B13: YouTube | C13: 403 | D13: 66 | E13: 382851 | F13: 3.49 | G13: 24313
... A201: 45789 | B201: YouTube | C201: 119 | D201: 456 | E201: 82558 | F201: 6.81 | G201: 12174

Sheet Campaign Metadata
A1: Campaign_Name | B1: Start_Date | C1: End_Date | D1: Objective | E1: Total_Budget | F1: Target_Platforms | G1: Primary_Hashtags
A2: SummerSplash | B2: 45458 | C2: 45488 | D2: Brand Awareness | E2: 150000 | F2: Instagram,Facebook | G2: #ThirstyForMore,#PepsiCoRefresh
A3: FestiveRadiance | B3: 45566 | C3: 45596 | D3: Engagement | E3: 200000 | F3: Instagram,YouTube | G3: #AnytimeIsPepsiTime,
A4: NewYearRefresh | B4: 45651 | C4: 45667 | D4: Product Launch | E4: 250000 | F4: Facebook,Twitter | G4: #SmoothLikeNitroPepsi
A5: DailyWellness | B5: 45717 | C5: 45747 | D5: Traffic | E5: 180000 | F5: Instagram,Twitter | G5: #BetterWithPepsi,#LiveForNow
